<?xml version="1.0"?>
<doc>
    <assembly>
        <name>PhatStudio2012</name>
    </assembly>
    <members>
        <member name="F:PhatStudio.AboutBox.components">
            <summary>
            Required designer variable.
            </summary>
        </member>
        <member name="M:PhatStudio.AboutBox.Dispose(System.Boolean)">
            <summary>
            Clean up any resources being used.
            </summary>
        </member>
        <member name="M:PhatStudio.AboutBox.InitializeComponent">
            <summary>
            Required method for Designer support - do not modify
            the contents of this method with the code editor.
            </summary>
        </member>
        <member name="M:PhatStudio.AutoUpdate.CheckForUpdateIfNecessary">
            <summary>
            Checks the product website to see if a new version is available
            </summary>
        </member>
        <member name="M:PhatStudio.AutoUpdate.DownloadDataCompleted(System.Object,System.Net.DownloadDataCompletedEventArgs)">
            <summary>
            Called when product update data is downloaded
            </summary>
        </member>
        <member name="F:PhatStudio.ConfigDlg.components">
            <summary>
            Required designer variable.
            </summary>
        </member>
        <member name="M:PhatStudio.ConfigDlg.Dispose(System.Boolean)">
            <summary>
            Clean up any resources being used.
            </summary>
            <param name="disposing">true if managed resources should be disposed; otherwise, false.</param>
        </member>
        <member name="M:PhatStudio.ConfigDlg.InitializeComponent">
            <summary>
            Required method for Designer support - do not modify
            the contents of this method with the code editor.
            </summary>
        </member>
        <member name="M:PhatStudio2012.Commands.OnConnection(System.Object,Extensibility.ext_ConnectMode,System.Object,System.Array@)">
            <summary>Implements the OnConnection method of the IDTExtensibility2 interface. Receives notification that the Add-in is being loaded.</summary>
            <param term='application'>Root object of the host application.</param>
            <param term='connectMode'>Describes how the Add-in is being loaded.</param>
            <param term='addInInst'>Object representing this Add-in.</param>
            <seealso class='IDTExtensibility2' />
        </member>
        <member name="M:PhatStudio2012.Commands.RegisterForEvents">
            <summary>
            Registers for all events we need to handle
            </summary>
        </member>
        <member name="M:PhatStudio2012.Commands.RegisterCommand(Microsoft.VisualStudio.CommandBars.CommandBarPopup,System.String,System.String,System.String)">
            <summary>
            Registers Visual Studio command.  Returns true if this is a new command, false if it already existed.
            </summary>
        </member>
        <member name="M:PhatStudio2012.Commands.Exec(System.String,EnvDTE.vsCommandExecOption,System.Object@,System.Object@,System.Boolean@)">
            <summary>Implements the Exec method of the IDTCommandTarget interface. This is called when the command is invoked.</summary>
            <param term='commandName'>The name of the command to execute.</param>
            <param term='executeOption'>Describes how the command should be run.</param>
            <param term='varIn'>Parameters passed from the caller to the command handler.</param>
            <param term='varOut'>Parameters passed from the command handler to the caller.</param>
            <param term='handled'>Informs the caller if the command was handled or not.</param>
            <seealso class='Exec' />
        </member>
        <member name="M:PhatStudio2012.Commands.QueryStatus(System.String,EnvDTE.vsCommandStatusTextWanted,EnvDTE.vsCommandStatus@,System.Object@)">
            <summary>Implements the QueryStatus method of the IDTCommandTarget interface. This is called when the command's availability is updated</summary>
            <param term='commandName'>The name of the command to determine state for.</param>
            <param term='neededText'>Text that is needed for the command.</param>
            <param term='status'>The state of the command in the user interface.</param>
            <param term='commandText'>Text requested by the neededText parameter.</param>
            <seealso class='Exec' />
        </member>
        <member name="M:PhatStudio2012.Commands.PromptForKeyBinding">
            <summary>
            Asks user if we should bind FileOpen to default key.  (For first run only.)
            </summary>
        </member>
        <member name="M:PhatStudio2012.Commands.CreateToolWindow">
            <summary>
            Creates a tool window for our Explorer window
            </summary>
        </member>
        <member name="M:PhatStudio2012.Commands.ParseSolutionFiles">
            <summary>
            Enumerate and index all files in current solution
            </summary>
        </member>
        <member name="M:PhatStudio2012.Commands.AddProjectItems(EnvDTE.ProjectItems)">
            <summary>
            Adds all ProjectItems in the specified collection
            </summary>
        </member>
        <member name="M:PhatStudio2012.Commands.AddProjectItemFiles(EnvDTE.ProjectItem)">
            <summary>
            Adds all the files for a project item
            </summary>
        </member>
        <member name="M:PhatStudio2012.Commands.OnDisconnection(Extensibility.ext_DisconnectMode,System.Array@)">
            <summary>Implements the OnDisconnection method of the IDTExtensibility2 interface. Receives notification that the Add-in is being unloaded.</summary>
            <param term='disconnectMode'>Describes how the Add-in is being unloaded.</param>
            <param term='custom'>Array of parameters that are host application specific.</param>
            <seealso class='IDTExtensibility2' />
        </member>
        <member name="M:PhatStudio2012.Commands.OnAddInsUpdate(System.Array@)">
            <summary>Implements the OnAddInsUpdate method of the IDTExtensibility2 interface. Receives notification when the collection of Add-ins has changed.</summary>
            <param term='custom'>Array of parameters that are host application specific.</param>
            <seealso class='IDTExtensibility2' />		
        </member>
        <member name="M:PhatStudio2012.Commands.OnStartupComplete(System.Array@)">
            <summary>Implements the OnStartupComplete method of the IDTExtensibility2 interface. Receives notification that the host application has completed loading.</summary>
            <param term='custom'>Array of parameters that are host application specific.</param>
            <seealso class='IDTExtensibility2' />
        </member>
        <member name="M:PhatStudio2012.Commands.OnBeginShutdown(System.Array@)">
            <summary>Implements the OnBeginShutdown method of the IDTExtensibility2 interface. Receives notification that the host application is being unloaded.</summary>
            <param term='custom'>Array of parameters that are host application specific.</param>
            <seealso class='IDTExtensibility2' />
        </member>
        <member name="T:PhatStudio.ImageToPictureDispConverter">
            <summary>
            Stupid little class to translate icon from a managed Image to an OLE IPictureDisp to hand off to set the tool window tab icon.
            </summary>
        </member>
        <member name="T:PhatStudio.IconExtractor">
            <summary>Used to create a new AboutIconData in PhatStudio.AddIn</summary>
        </member>
        <member name="T:PhatStudio.CommandBar">
            <summary>
              A strongly-typed resource class, for looking up localized strings, etc.
            </summary>
        </member>
        <member name="P:PhatStudio.CommandBar.ResourceManager">
            <summary>
              Returns the cached ResourceManager instance used by this class.
            </summary>
        </member>
        <member name="P:PhatStudio.CommandBar.Culture">
            <summary>
              Overrides the current thread's CurrentUICulture property for all
              resource lookups using this strongly typed resource class.
            </summary>
        </member>
        <member name="P:PhatStudio.CommandBar.deAction">
            <summary>
              Looks up a localized string similar to Aktion.
            </summary>
        </member>
        <member name="P:PhatStudio.CommandBar.deAddins">
            <summary>
              Looks up a localized string similar to Add-Ins.
            </summary>
        </member>
        <member name="P:PhatStudio.CommandBar.deAnalyze">
            <summary>
              Looks up a localized string similar to Analysieren.
            </summary>
        </member>
        <member name="P:PhatStudio.CommandBar.deBuild">
            <summary>
              Looks up a localized string similar to Erstellen.
            </summary>
        </member>
        <member name="P:PhatStudio.CommandBar.deClass_Diagram">
            <summary>
              Looks up a localized string similar to Klassendiagramm.
            </summary>
        </member>
        <member name="P:PhatStudio.CommandBar.deCommunity">
            <summary>
              Looks up a localized string similar to Community.
            </summary>
        </member>
        <member name="P:PhatStudio.CommandBar.deData">
            <summary>
              Looks up a localized string similar to Daten.
            </summary>
        </member>
        <member name="P:PhatStudio.CommandBar.deDatabase">
            <summary>
              Looks up a localized string similar to Datenbank.
            </summary>
        </member>
        <member name="P:PhatStudio.CommandBar.deDatabase_Diagram">
            <summary>
              Looks up a localized string similar to Datenbankdiagramm.
            </summary>
        </member>
        <member name="P:PhatStudio.CommandBar.deDebug">
            <summary>
              Looks up a localized string similar to Debuggen.
            </summary>
        </member>
        <member name="P:PhatStudio.CommandBar.deDiagram">
            <summary>
              Looks up a localized string similar to Diagramm.
            </summary>
        </member>
        <member name="P:PhatStudio.CommandBar.deEdit">
            <summary>
              Looks up a localized string similar to Bearbeiten.
            </summary>
        </member>
        <member name="P:PhatStudio.CommandBar.deFile">
            <summary>
              Looks up a localized string similar to Datei.
            </summary>
        </member>
        <member name="P:PhatStudio.CommandBar.deFormat">
            <summary>
              Looks up a localized string similar to Format.
            </summary>
        </member>
        <member name="P:PhatStudio.CommandBar.deFrames">
            <summary>
              Looks up a localized string similar to Rahmen.
            </summary>
        </member>
        <member name="P:PhatStudio.CommandBar.deHelp">
            <summary>
              Looks up a localized string similar to Hilfe.
            </summary>
        </member>
        <member name="P:PhatStudio.CommandBar.deImage">
            <summary>
              Looks up a localized string similar to Bild.
            </summary>
        </member>
        <member name="P:PhatStudio.CommandBar.deLayout">
            <summary>
              Looks up a localized string similar to Layout.
            </summary>
        </member>
        <member name="P:PhatStudio.CommandBar.deMacros">
            <summary>
              Looks up a localized string similar to Makros.
            </summary>
        </member>
        <member name="P:PhatStudio.CommandBar.deProject">
            <summary>
              Looks up a localized string similar to Projekt.
            </summary>
        </member>
        <member name="P:PhatStudio.CommandBar.deQuery">
            <summary>
              Looks up a localized string similar to Query.
            </summary>
        </member>
        <member name="P:PhatStudio.CommandBar.deQuery_Designer">
            <summary>
              Looks up a localized string similar to Abfrage-Designer.
            </summary>
        </member>
        <member name="P:PhatStudio.CommandBar.deRefactor">
            <summary>
              Looks up a localized string similar to Umgestalten.
            </summary>
        </member>
        <member name="P:PhatStudio.CommandBar.deReport">
            <summary>
              Looks up a localized string similar to Bericht.
            </summary>
        </member>
        <member name="P:PhatStudio.CommandBar.deResources">
            <summary>
              Looks up a localized string similar to Ressourcen.
            </summary>
        </member>
        <member name="P:PhatStudio.CommandBar.deSchema">
            <summary>
              Looks up a localized string similar to Schema.
            </summary>
        </member>
        <member name="P:PhatStudio.CommandBar.deStyles">
            <summary>
              Looks up a localized string similar to Formate.
            </summary>
        </member>
        <member name="P:PhatStudio.CommandBar.deTable">
            <summary>
              Looks up a localized string similar to Tabelle.
            </summary>
        </member>
        <member name="P:PhatStudio.CommandBar.deTable_Designer">
            <summary>
              Looks up a localized string similar to Tabellen-Designer.
            </summary>
        </member>
        <member name="P:PhatStudio.CommandBar.deTeam">
            <summary>
              Looks up a localized string similar to Team.
            </summary>
        </member>
        <member name="P:PhatStudio.CommandBar.deTest">
            <summary>
              Looks up a localized string similar to Testen.
            </summary>
        </member>
        <member name="P:PhatStudio.CommandBar.deTools">
            <summary>
              Looks up a localized string similar to Extras.
            </summary>
        </member>
        <member name="P:PhatStudio.CommandBar.deView">
            <summary>
              Looks up a localized string similar to Ansicht.
            </summary>
        </member>
        <member name="P:PhatStudio.CommandBar.deWindow">
            <summary>
              Looks up a localized string similar to Fenster.
            </summary>
        </member>
        <member name="P:PhatStudio.CommandBar.deXML">
            <summary>
              Looks up a localized string similar to XML.
            </summary>
        </member>
        <member name="P:PhatStudio.CommandBar.enAction">
            <summary>
              Looks up a localized string similar to Action.
            </summary>
        </member>
        <member name="P:PhatStudio.CommandBar.enAddins">
            <summary>
              Looks up a localized string similar to Addins.
            </summary>
        </member>
        <member name="P:PhatStudio.CommandBar.enAnalyze">
            <summary>
              Looks up a localized string similar to Analyze.
            </summary>
        </member>
        <member name="P:PhatStudio.CommandBar.enBuild">
            <summary>
              Looks up a localized string similar to Build.
            </summary>
        </member>
        <member name="P:PhatStudio.CommandBar.enClass_Diagram">
            <summary>
              Looks up a localized string similar to Class Diagram.
            </summary>
        </member>
        <member name="P:PhatStudio.CommandBar.enCommunity">
            <summary>
              Looks up a localized string similar to Community.
            </summary>
        </member>
        <member name="P:PhatStudio.CommandBar.enData">
            <summary>
              Looks up a localized string similar to Data.
            </summary>
        </member>
        <member name="P:PhatStudio.CommandBar.enDatabase">
            <summary>
              Looks up a localized string similar to Database.
            </summary>
        </member>
        <member name="P:PhatStudio.CommandBar.enDatabase_Diagram">
            <summary>
              Looks up a localized string similar to Database Diagram.
            </summary>
        </member>
        <member name="P:PhatStudio.CommandBar.enDebug">
            <summary>
              Looks up a localized string similar to Debug.
            </summary>
        </member>
        <member name="P:PhatStudio.CommandBar.enDiagram">
            <summary>
              Looks up a localized string similar to Diagram.
            </summary>
        </member>
        <member name="P:PhatStudio.CommandBar.enEdit">
            <summary>
              Looks up a localized string similar to Edit.
            </summary>
        </member>
        <member name="P:PhatStudio.CommandBar.enFile">
            <summary>
              Looks up a localized string similar to File.
            </summary>
        </member>
        <member name="P:PhatStudio.CommandBar.enFormat">
            <summary>
              Looks up a localized string similar to Format.
            </summary>
        </member>
        <member name="P:PhatStudio.CommandBar.enFrames">
            <summary>
              Looks up a localized string similar to Frames.
            </summary>
        </member>
        <member name="P:PhatStudio.CommandBar.enHelp">
            <summary>
              Looks up a localized string similar to Help.
            </summary>
        </member>
        <member name="P:PhatStudio.CommandBar.enImage">
            <summary>
              Looks up a localized string similar to Image.
            </summary>
        </member>
        <member name="P:PhatStudio.CommandBar.enLayout">
            <summary>
              Looks up a localized string similar to Layout.
            </summary>
        </member>
        <member name="P:PhatStudio.CommandBar.enMacros">
            <summary>
              Looks up a localized string similar to Macros.
            </summary>
        </member>
        <member name="P:PhatStudio.CommandBar.enProject">
            <summary>
              Looks up a localized string similar to Project.
            </summary>
        </member>
        <member name="P:PhatStudio.CommandBar.enQuery">
            <summary>
              Looks up a localized string similar to Query.
            </summary>
        </member>
        <member name="P:PhatStudio.CommandBar.enQuery_Designer">
            <summary>
              Looks up a localized string similar to Query Designer.
            </summary>
        </member>
        <member name="P:PhatStudio.CommandBar.enRefactor">
            <summary>
              Looks up a localized string similar to Refactor.
            </summary>
        </member>
        <member name="P:PhatStudio.CommandBar.enReport">
            <summary>
              Looks up a localized string similar to Report.
            </summary>
        </member>
        <member name="P:PhatStudio.CommandBar.enResources">
            <summary>
              Looks up a localized string similar to Resources.
            </summary>
        </member>
        <member name="P:PhatStudio.CommandBar.enSchema">
            <summary>
              Looks up a localized string similar to Schema.
            </summary>
        </member>
        <member name="P:PhatStudio.CommandBar.enStyles">
            <summary>
              Looks up a localized string similar to Styles.
            </summary>
        </member>
        <member name="P:PhatStudio.CommandBar.enTable">
            <summary>
              Looks up a localized string similar to Table.
            </summary>
        </member>
        <member name="P:PhatStudio.CommandBar.enTable_Designer">
            <summary>
              Looks up a localized string similar to Table Designer.
            </summary>
        </member>
        <member name="P:PhatStudio.CommandBar.enTeam">
            <summary>
              Looks up a localized string similar to Team.
            </summary>
        </member>
        <member name="P:PhatStudio.CommandBar.enTest">
            <summary>
              Looks up a localized string similar to Test.
            </summary>
        </member>
        <member name="P:PhatStudio.CommandBar.enTools">
            <summary>
              Looks up a localized string similar to Tools.
            </summary>
        </member>
        <member name="P:PhatStudio.CommandBar.enView">
            <summary>
              Looks up a localized string similar to View.
            </summary>
        </member>
        <member name="P:PhatStudio.CommandBar.enWindow">
            <summary>
              Looks up a localized string similar to Window.
            </summary>
        </member>
        <member name="P:PhatStudio.CommandBar.enXML">
            <summary>
              Looks up a localized string similar to XML.
            </summary>
        </member>
        <member name="P:PhatStudio.CommandBar.esAction">
            <summary>
              Looks up a localized string similar to Acción.
            </summary>
        </member>
        <member name="P:PhatStudio.CommandBar.esAddins">
            <summary>
              Looks up a localized string similar to Complementos.
            </summary>
        </member>
        <member name="P:PhatStudio.CommandBar.esAnalyze">
            <summary>
              Looks up a localized string similar to Analizar.
            </summary>
        </member>
        <member name="P:PhatStudio.CommandBar.esBuild">
            <summary>
              Looks up a localized string similar to Generar.
            </summary>
        </member>
        <member name="P:PhatStudio.CommandBar.esClass_Diagram">
            <summary>
              Looks up a localized string similar to Diagrama de clase.
            </summary>
        </member>
        <member name="P:PhatStudio.CommandBar.esCommunity">
            <summary>
              Looks up a localized string similar to Comunidad.
            </summary>
        </member>
        <member name="P:PhatStudio.CommandBar.esData">
            <summary>
              Looks up a localized string similar to Datos.
            </summary>
        </member>
        <member name="P:PhatStudio.CommandBar.esDatabase">
            <summary>
              Looks up a localized string similar to Base de datos.
            </summary>
        </member>
        <member name="P:PhatStudio.CommandBar.esDatabase_Diagram">
            <summary>
              Looks up a localized string similar to Diagrama de base de datos.
            </summary>
        </member>
        <member name="P:PhatStudio.CommandBar.esDebug">
            <summary>
              Looks up a localized string similar to Depurar.
            </summary>
        </member>
        <member name="P:PhatStudio.CommandBar.esDiagram">
            <summary>
              Looks up a localized string similar to Diagrama.
            </summary>
        </member>
        <member name="P:PhatStudio.CommandBar.esEdit">
            <summary>
              Looks up a localized string similar to Editar.
            </summary>
        </member>
        <member name="P:PhatStudio.CommandBar.esFile">
            <summary>
              Looks up a localized string similar to Archivo.
            </summary>
        </member>
        <member name="P:PhatStudio.CommandBar.esFormat">
            <summary>
              Looks up a localized string similar to Formato.
            </summary>
        </member>
        <member name="P:PhatStudio.CommandBar.esFrames">
            <summary>
              Looks up a localized string similar to Marcos.
            </summary>
        </member>
        <member name="P:PhatStudio.CommandBar.esHelp">
            <summary>
              Looks up a localized string similar to Ayuda.
            </summary>
        </member>
        <member name="P:PhatStudio.CommandBar.esImage">
            <summary>
              Looks up a localized string similar to Imagen.
            </summary>
        </member>
        <member name="P:PhatStudio.CommandBar.esLayout">
            <summary>
              Looks up a localized string similar to Diseño.
            </summary>
        </member>
        <member name="P:PhatStudio.CommandBar.esMacros">
            <summary>
              Looks up a localized string similar to Macros.
            </summary>
        </member>
        <member name="P:PhatStudio.CommandBar.esProject">
            <summary>
              Looks up a localized string similar to Proyecto.
            </summary>
        </member>
        <member name="P:PhatStudio.CommandBar.esQuery">
            <summary>
              Looks up a localized string similar to Consulta.
            </summary>
        </member>
        <member name="P:PhatStudio.CommandBar.esQuery_Designer">
            <summary>
              Looks up a localized string similar to Diseñador de consultas.
            </summary>
        </member>
        <member name="P:PhatStudio.CommandBar.esRefactor">
            <summary>
              Looks up a localized string similar to Refactorizar.
            </summary>
        </member>
        <member name="P:PhatStudio.CommandBar.esReport">
            <summary>
              Looks up a localized string similar to Informe.
            </summary>
        </member>
        <member name="P:PhatStudio.CommandBar.esResources">
            <summary>
              Looks up a localized string similar to Recursos.
            </summary>
        </member>
        <member name="P:PhatStudio.CommandBar.esSchema">
            <summary>
              Looks up a localized string similar to Esquema.
            </summary>
        </member>
        <member name="P:PhatStudio.CommandBar.esStyles">
            <summary>
              Looks up a localized string similar to Estilos.
            </summary>
        </member>
        <member name="P:PhatStudio.CommandBar.esTable">
            <summary>
              Looks up a localized string similar to Tabla.
            </summary>
        </member>
        <member name="P:PhatStudio.CommandBar.esTable_Designer">
            <summary>
              Looks up a localized string similar to Diseñador de tablas.
            </summary>
        </member>
        <member name="P:PhatStudio.CommandBar.esTeam">
            <summary>
              Looks up a localized string similar to Equipo.
            </summary>
        </member>
        <member name="P:PhatStudio.CommandBar.esTest">
            <summary>
              Looks up a localized string similar to Prueba.
            </summary>
        </member>
        <member name="P:PhatStudio.CommandBar.esTools">
            <summary>
              Looks up a localized string similar to Herramientas.
            </summary>
        </member>
        <member name="P:PhatStudio.CommandBar.esView">
            <summary>
              Looks up a localized string similar to Ver.
            </summary>
        </member>
        <member name="P:PhatStudio.CommandBar.esWindow">
            <summary>
              Looks up a localized string similar to Ventana.
            </summary>
        </member>
        <member name="P:PhatStudio.CommandBar.esXML">
            <summary>
              Looks up a localized string similar to XML.
            </summary>
        </member>
        <member name="P:PhatStudio.CommandBar.frAction">
            <summary>
              Looks up a localized string similar to Action.
            </summary>
        </member>
        <member name="P:PhatStudio.CommandBar.frAddins">
            <summary>
              Looks up a localized string similar to Compléments.
            </summary>
        </member>
        <member name="P:PhatStudio.CommandBar.frAnalyze">
            <summary>
              Looks up a localized string similar to Analyser.
            </summary>
        </member>
        <member name="P:PhatStudio.CommandBar.frBuild">
            <summary>
              Looks up a localized string similar to Générer.
            </summary>
        </member>
        <member name="P:PhatStudio.CommandBar.frClass_Diagram">
            <summary>
              Looks up a localized string similar to Diagramme de classes.
            </summary>
        </member>
        <member name="P:PhatStudio.CommandBar.frCommunity">
            <summary>
              Looks up a localized string similar to Communauté.
            </summary>
        </member>
        <member name="P:PhatStudio.CommandBar.frData">
            <summary>
              Looks up a localized string similar to Données.
            </summary>
        </member>
        <member name="P:PhatStudio.CommandBar.frDatabase">
            <summary>
              Looks up a localized string similar to Base de données.
            </summary>
        </member>
        <member name="P:PhatStudio.CommandBar.frDatabase_Diagram">
            <summary>
              Looks up a localized string similar to Schéma de base de données.
            </summary>
        </member>
        <member name="P:PhatStudio.CommandBar.frDebug">
            <summary>
              Looks up a localized string similar to Déboguer.
            </summary>
        </member>
        <member name="P:PhatStudio.CommandBar.frDiagram">
            <summary>
              Looks up a localized string similar to Schéma.
            </summary>
        </member>
        <member name="P:PhatStudio.CommandBar.frEdit">
            <summary>
              Looks up a localized string similar to Modifier.
            </summary>
        </member>
        <member name="P:PhatStudio.CommandBar.frFile">
            <summary>
              Looks up a localized string similar to Fichier.
            </summary>
        </member>
        <member name="P:PhatStudio.CommandBar.frFormat">
            <summary>
              Looks up a localized string similar to Format.
            </summary>
        </member>
        <member name="P:PhatStudio.CommandBar.frFrames">
            <summary>
              Looks up a localized string similar to Frames.
            </summary>
        </member>
        <member name="P:PhatStudio.CommandBar.frHelp">
            <summary>
              Looks up a localized string similar to ?.
            </summary>
        </member>
        <member name="P:PhatStudio.CommandBar.frImage">
            <summary>
              Looks up a localized string similar to Image.
            </summary>
        </member>
        <member name="P:PhatStudio.CommandBar.frLayout">
            <summary>
              Looks up a localized string similar to Disposition.
            </summary>
        </member>
        <member name="P:PhatStudio.CommandBar.frMacros">
            <summary>
              Looks up a localized string similar to Macros.
            </summary>
        </member>
        <member name="P:PhatStudio.CommandBar.frProject">
            <summary>
              Looks up a localized string similar to Projet.
            </summary>
        </member>
        <member name="P:PhatStudio.CommandBar.frQuery">
            <summary>
              Looks up a localized string similar to Requête.
            </summary>
        </member>
        <member name="P:PhatStudio.CommandBar.frQuery_Designer">
            <summary>
              Looks up a localized string similar to Concepteur de requêtes.
            </summary>
        </member>
        <member name="P:PhatStudio.CommandBar.frRefactor">
            <summary>
              Looks up a localized string similar to Refactoriser.
            </summary>
        </member>
        <member name="P:PhatStudio.CommandBar.frReport">
            <summary>
              Looks up a localized string similar to Rapport.
            </summary>
        </member>
        <member name="P:PhatStudio.CommandBar.frResources">
            <summary>
              Looks up a localized string similar to Ressources.
            </summary>
        </member>
        <member name="P:PhatStudio.CommandBar.frSchema">
            <summary>
              Looks up a localized string similar to Schéma.
            </summary>
        </member>
        <member name="P:PhatStudio.CommandBar.frStyles">
            <summary>
              Looks up a localized string similar to Styles.
            </summary>
        </member>
        <member name="P:PhatStudio.CommandBar.frTable">
            <summary>
              Looks up a localized string similar to Tableau.
            </summary>
        </member>
        <member name="P:PhatStudio.CommandBar.frTable_Designer">
            <summary>
              Looks up a localized string similar to Concepteur de tables.
            </summary>
        </member>
        <member name="P:PhatStudio.CommandBar.frTeam">
            <summary>
              Looks up a localized string similar to équipe.
            </summary>
        </member>
        <member name="P:PhatStudio.CommandBar.frTest">
            <summary>
              Looks up a localized string similar to Test.
            </summary>
        </member>
        <member name="P:PhatStudio.CommandBar.frTools">
            <summary>
              Looks up a localized string similar to Outils.
            </summary>
        </member>
        <member name="P:PhatStudio.CommandBar.frView">
            <summary>
              Looks up a localized string similar to Affichage.
            </summary>
        </member>
        <member name="P:PhatStudio.CommandBar.frWindow">
            <summary>
              Looks up a localized string similar to Fenêtre.
            </summary>
        </member>
        <member name="P:PhatStudio.CommandBar.frXML">
            <summary>
              Looks up a localized string similar to XML.
            </summary>
        </member>
        <member name="P:PhatStudio.CommandBar.itAction">
            <summary>
              Looks up a localized string similar to Azione.
            </summary>
        </member>
        <member name="P:PhatStudio.CommandBar.itAddins">
            <summary>
              Looks up a localized string similar to Componenti aggiuntivi.
            </summary>
        </member>
        <member name="P:PhatStudio.CommandBar.itAnalyze">
            <summary>
              Looks up a localized string similar to Analizza.
            </summary>
        </member>
        <member name="P:PhatStudio.CommandBar.itBuild">
            <summary>
              Looks up a localized string similar to Genera.
            </summary>
        </member>
        <member name="P:PhatStudio.CommandBar.itClass_Diagram">
            <summary>
              Looks up a localized string similar to Diagramma classi.
            </summary>
        </member>
        <member name="P:PhatStudio.CommandBar.itCommunity">
            <summary>
              Looks up a localized string similar to Comunità.
            </summary>
        </member>
        <member name="P:PhatStudio.CommandBar.itData">
            <summary>
              Looks up a localized string similar to Dati.
            </summary>
        </member>
        <member name="P:PhatStudio.CommandBar.itDatabase">
            <summary>
              Looks up a localized string similar to Database.
            </summary>
        </member>
        <member name="P:PhatStudio.CommandBar.itDatabase_Diagram">
            <summary>
              Looks up a localized string similar to Diagramma database.
            </summary>
        </member>
        <member name="P:PhatStudio.CommandBar.itDebug">
            <summary>
              Looks up a localized string similar to Debug.
            </summary>
        </member>
        <member name="P:PhatStudio.CommandBar.itDiagram">
            <summary>
              Looks up a localized string similar to Diagramma.
            </summary>
        </member>
        <member name="P:PhatStudio.CommandBar.itEdit">
            <summary>
              Looks up a localized string similar to Modifica.
            </summary>
        </member>
        <member name="P:PhatStudio.CommandBar.itFile">
            <summary>
              Looks up a localized string similar to File.
            </summary>
        </member>
        <member name="P:PhatStudio.CommandBar.itFormat">
            <summary>
              Looks up a localized string similar to Formato.
            </summary>
        </member>
        <member name="P:PhatStudio.CommandBar.itFrames">
            <summary>
              Looks up a localized string similar to Frame.
            </summary>
        </member>
        <member name="P:PhatStudio.CommandBar.itHelp">
            <summary>
              Looks up a localized string similar to ?.
            </summary>
        </member>
        <member name="P:PhatStudio.CommandBar.itImage">
            <summary>
              Looks up a localized string similar to Immagine.
            </summary>
        </member>
        <member name="P:PhatStudio.CommandBar.itLayout">
            <summary>
              Looks up a localized string similar to Layout.
            </summary>
        </member>
        <member name="P:PhatStudio.CommandBar.itMacros">
            <summary>
              Looks up a localized string similar to Macro.
            </summary>
        </member>
        <member name="P:PhatStudio.CommandBar.itProject">
            <summary>
              Looks up a localized string similar to Progetto.
            </summary>
        </member>
        <member name="P:PhatStudio.CommandBar.itQuery">
            <summary>
              Looks up a localized string similar to Query.
            </summary>
        </member>
        <member name="P:PhatStudio.CommandBar.itQuery_Designer">
            <summary>
              Looks up a localized string similar to Progettazione query.
            </summary>
        </member>
        <member name="P:PhatStudio.CommandBar.itRefactor">
            <summary>
              Looks up a localized string similar to Effettua refactoring.
            </summary>
        </member>
        <member name="P:PhatStudio.CommandBar.itReport">
            <summary>
              Looks up a localized string similar to Report.
            </summary>
        </member>
        <member name="P:PhatStudio.CommandBar.itResources">
            <summary>
              Looks up a localized string similar to Risorse.
            </summary>
        </member>
        <member name="P:PhatStudio.CommandBar.itSchema">
            <summary>
              Looks up a localized string similar to Schema.
            </summary>
        </member>
        <member name="P:PhatStudio.CommandBar.itStyles">
            <summary>
              Looks up a localized string similar to Stili.
            </summary>
        </member>
        <member name="P:PhatStudio.CommandBar.itTable">
            <summary>
              Looks up a localized string similar to Tabella.
            </summary>
        </member>
        <member name="P:PhatStudio.CommandBar.itTable_Designer">
            <summary>
              Looks up a localized string similar to Progettazione tabelle.
            </summary>
        </member>
        <member name="P:PhatStudio.CommandBar.itTeam">
            <summary>
              Looks up a localized string similar to Team.
            </summary>
        </member>
        <member name="P:PhatStudio.CommandBar.itTest">
            <summary>
              Looks up a localized string similar to Prova.
            </summary>
        </member>
        <member name="P:PhatStudio.CommandBar.itTools">
            <summary>
              Looks up a localized string similar to Strumenti.
            </summary>
        </member>
        <member name="P:PhatStudio.CommandBar.itView">
            <summary>
              Looks up a localized string similar to Visualizza.
            </summary>
        </member>
        <member name="P:PhatStudio.CommandBar.itWindow">
            <summary>
              Looks up a localized string similar to Finestra.
            </summary>
        </member>
        <member name="P:PhatStudio.CommandBar.itXML">
            <summary>
              Looks up a localized string similar to XML.
            </summary>
        </member>
        <member name="P:PhatStudio.CommandBar.jaAction">
            <summary>
              Looks up a localized string similar to 操作.
            </summary>
        </member>
        <member name="P:PhatStudio.CommandBar.jaAddins">
            <summary>
              Looks up a localized string similar to アドイン.
            </summary>
        </member>
        <member name="P:PhatStudio.CommandBar.jaAnalyze">
            <summary>
              Looks up a localized string similar to 分析.
            </summary>
        </member>
        <member name="P:PhatStudio.CommandBar.jaBuild">
            <summary>
              Looks up a localized string similar to ビルド.
            </summary>
        </member>
        <member name="P:PhatStudio.CommandBar.jaClass_Diagram">
            <summary>
              Looks up a localized string similar to クラス ダイアグラム.
            </summary>
        </member>
        <member name="P:PhatStudio.CommandBar.jaCommunity">
            <summary>
              Looks up a localized string similar to コミュニティ.
            </summary>
        </member>
        <member name="P:PhatStudio.CommandBar.jaData">
            <summary>
              Looks up a localized string similar to データ.
            </summary>
        </member>
        <member name="P:PhatStudio.CommandBar.jaDatabase">
            <summary>
              Looks up a localized string similar to データベース.
            </summary>
        </member>
        <member name="P:PhatStudio.CommandBar.jaDatabase_Diagram">
            <summary>
              Looks up a localized string similar to データベース ダイアグラム.
            </summary>
        </member>
        <member name="P:PhatStudio.CommandBar.jaDebug">
            <summary>
              Looks up a localized string similar to デバッグ.
            </summary>
        </member>
        <member name="P:PhatStudio.CommandBar.jaDiagram">
            <summary>
              Looks up a localized string similar to ダイアグラム.
            </summary>
        </member>
        <member name="P:PhatStudio.CommandBar.jaEdit">
            <summary>
              Looks up a localized string similar to 編集.
            </summary>
        </member>
        <member name="P:PhatStudio.CommandBar.jaFile">
            <summary>
              Looks up a localized string similar to ファイル.
            </summary>
        </member>
        <member name="P:PhatStudio.CommandBar.jaFormat">
            <summary>
              Looks up a localized string similar to 書式.
            </summary>
        </member>
        <member name="P:PhatStudio.CommandBar.jaFrames">
            <summary>
              Looks up a localized string similar to フレーム.
            </summary>
        </member>
        <member name="P:PhatStudio.CommandBar.jaHelp">
            <summary>
              Looks up a localized string similar to ヘルプ.
            </summary>
        </member>
        <member name="P:PhatStudio.CommandBar.jaImage">
            <summary>
              Looks up a localized string similar to イメージ.
            </summary>
        </member>
        <member name="P:PhatStudio.CommandBar.jaLayout">
            <summary>
              Looks up a localized string similar to レイアウト.
            </summary>
        </member>
        <member name="P:PhatStudio.CommandBar.jaMacros">
            <summary>
              Looks up a localized string similar to マクロ.
            </summary>
        </member>
        <member name="P:PhatStudio.CommandBar.jaProject">
            <summary>
              Looks up a localized string similar to プロジェクト.
            </summary>
        </member>
        <member name="P:PhatStudio.CommandBar.jaQuery">
            <summary>
              Looks up a localized string similar to クエリ.
            </summary>
        </member>
        <member name="P:PhatStudio.CommandBar.jaQuery_Designer">
            <summary>
              Looks up a localized string similar to クエリ デザイナ.
            </summary>
        </member>
        <member name="P:PhatStudio.CommandBar.jaRefactor">
            <summary>
              Looks up a localized string similar to リファクタ.
            </summary>
        </member>
        <member name="P:PhatStudio.CommandBar.jaReport">
            <summary>
              Looks up a localized string similar to レポート.
            </summary>
        </member>
        <member name="P:PhatStudio.CommandBar.jaResources">
            <summary>
              Looks up a localized string similar to リソース.
            </summary>
        </member>
        <member name="P:PhatStudio.CommandBar.jaSchema">
            <summary>
              Looks up a localized string similar to スキーマ.
            </summary>
        </member>
        <member name="P:PhatStudio.CommandBar.jaStyles">
            <summary>
              Looks up a localized string similar to スタイル.
            </summary>
        </member>
        <member name="P:PhatStudio.CommandBar.jaTable">
            <summary>
              Looks up a localized string similar to テーブル.
            </summary>
        </member>
        <member name="P:PhatStudio.CommandBar.jaTable_Designer">
            <summary>
              Looks up a localized string similar to テーブル デザイナ.
            </summary>
        </member>
        <member name="P:PhatStudio.CommandBar.jaTeam">
            <summary>
              Looks up a localized string similar to チーム.
            </summary>
        </member>
        <member name="P:PhatStudio.CommandBar.jaTest">
            <summary>
              Looks up a localized string similar to テスト.
            </summary>
        </member>
        <member name="P:PhatStudio.CommandBar.jaTools">
            <summary>
              Looks up a localized string similar to ツール.
            </summary>
        </member>
        <member name="P:PhatStudio.CommandBar.jaView">
            <summary>
              Looks up a localized string similar to 表示.
            </summary>
        </member>
        <member name="P:PhatStudio.CommandBar.jaWindow">
            <summary>
              Looks up a localized string similar to ウィンドウ.
            </summary>
        </member>
        <member name="P:PhatStudio.CommandBar.jaXML">
            <summary>
              Looks up a localized string similar to XML.
            </summary>
        </member>
        <member name="P:PhatStudio.CommandBar.koAction">
            <summary>
              Looks up a localized string similar to 작업.
            </summary>
        </member>
        <member name="P:PhatStudio.CommandBar.koAddins">
            <summary>
              Looks up a localized string similar to 추가 기능.
            </summary>
        </member>
        <member name="P:PhatStudio.CommandBar.koAnalyze">
            <summary>
              Looks up a localized string similar to 분석.
            </summary>
        </member>
        <member name="P:PhatStudio.CommandBar.koBuild">
            <summary>
              Looks up a localized string similar to 빌드.
            </summary>
        </member>
        <member name="P:PhatStudio.CommandBar.koClass_Diagram">
            <summary>
              Looks up a localized string similar to 클래스 다이어그램.
            </summary>
        </member>
        <member name="P:PhatStudio.CommandBar.koCommunity">
            <summary>
              Looks up a localized string similar to 커뮤니티.
            </summary>
        </member>
        <member name="P:PhatStudio.CommandBar.koData">
            <summary>
              Looks up a localized string similar to 데이터.
            </summary>
        </member>
        <member name="P:PhatStudio.CommandBar.koDatabase">
            <summary>
              Looks up a localized string similar to 데이터베이스.
            </summary>
        </member>
        <member name="P:PhatStudio.CommandBar.koDatabase_Diagram">
            <summary>
              Looks up a localized string similar to 데이터베이스 다이어그램.
            </summary>
        </member>
        <member name="P:PhatStudio.CommandBar.koDebug">
            <summary>
              Looks up a localized string similar to 디버그.
            </summary>
        </member>
        <member name="P:PhatStudio.CommandBar.koDiagram">
            <summary>
              Looks up a localized string similar to 다이어그램.
            </summary>
        </member>
        <member name="P:PhatStudio.CommandBar.koEdit">
            <summary>
              Looks up a localized string similar to 편집.
            </summary>
        </member>
        <member name="P:PhatStudio.CommandBar.koFile">
            <summary>
              Looks up a localized string similar to 파일.
            </summary>
        </member>
        <member name="P:PhatStudio.CommandBar.koFormat">
            <summary>
              Looks up a localized string similar to 서식.
            </summary>
        </member>
        <member name="P:PhatStudio.CommandBar.koFrames">
            <summary>
              Looks up a localized string similar to 프레임.
            </summary>
        </member>
        <member name="P:PhatStudio.CommandBar.koHelp">
            <summary>
              Looks up a localized string similar to 도움말.
            </summary>
        </member>
        <member name="P:PhatStudio.CommandBar.koImage">
            <summary>
              Looks up a localized string similar to 이미지.
            </summary>
        </member>
        <member name="P:PhatStudio.CommandBar.koLayout">
            <summary>
              Looks up a localized string similar to 레이아웃.
            </summary>
        </member>
        <member name="P:PhatStudio.CommandBar.koMacros">
            <summary>
              Looks up a localized string similar to 매크로.
            </summary>
        </member>
        <member name="P:PhatStudio.CommandBar.koProject">
            <summary>
              Looks up a localized string similar to 프로젝트.
            </summary>
        </member>
        <member name="P:PhatStudio.CommandBar.koQuery">
            <summary>
              Looks up a localized string similar to 쿼리.
            </summary>
        </member>
        <member name="P:PhatStudio.CommandBar.koQuery_Designer">
            <summary>
              Looks up a localized string similar to 쿼리 디자이너.
            </summary>
        </member>
        <member name="P:PhatStudio.CommandBar.koRefactor">
            <summary>
              Looks up a localized string similar to 리팩터링.
            </summary>
        </member>
        <member name="P:PhatStudio.CommandBar.koReport">
            <summary>
              Looks up a localized string similar to 보고서.
            </summary>
        </member>
        <member name="P:PhatStudio.CommandBar.koResources">
            <summary>
              Looks up a localized string similar to 리소스.
            </summary>
        </member>
        <member name="P:PhatStudio.CommandBar.koSchema">
            <summary>
              Looks up a localized string similar to 스키마.
            </summary>
        </member>
        <member name="P:PhatStudio.CommandBar.koStyles">
            <summary>
              Looks up a localized string similar to 스타일.
            </summary>
        </member>
        <member name="P:PhatStudio.CommandBar.koTable">
            <summary>
              Looks up a localized string similar to 테이블.
            </summary>
        </member>
        <member name="P:PhatStudio.CommandBar.koTable_Designer">
            <summary>
              Looks up a localized string similar to 테이블 디자이너.
            </summary>
        </member>
        <member name="P:PhatStudio.CommandBar.koTeam">
            <summary>
              Looks up a localized string similar to 팀.
            </summary>
        </member>
        <member name="P:PhatStudio.CommandBar.koTest">
            <summary>
              Looks up a localized string similar to 테스트.
            </summary>
        </member>
        <member name="P:PhatStudio.CommandBar.koTools">
            <summary>
              Looks up a localized string similar to 도구.
            </summary>
        </member>
        <member name="P:PhatStudio.CommandBar.koView">
            <summary>
              Looks up a localized string similar to 뷰.
            </summary>
        </member>
        <member name="P:PhatStudio.CommandBar.koWindow">
            <summary>
              Looks up a localized string similar to 창.
            </summary>
        </member>
        <member name="P:PhatStudio.CommandBar.koXML">
            <summary>
              Looks up a localized string similar to XML.
            </summary>
        </member>
        <member name="P:PhatStudio.CommandBar.zh_CHSAction">
            <summary>
              Looks up a localized string similar to 操作.
            </summary>
        </member>
        <member name="P:PhatStudio.CommandBar.zh_CHSAddins">
            <summary>
              Looks up a localized string similar to 外接程序.
            </summary>
        </member>
        <member name="P:PhatStudio.CommandBar.zh_CHSAnalyze">
            <summary>
              Looks up a localized string similar to 分析.
            </summary>
        </member>
        <member name="P:PhatStudio.CommandBar.zh_CHSBuild">
            <summary>
              Looks up a localized string similar to 生成.
            </summary>
        </member>
        <member name="P:PhatStudio.CommandBar.zh_CHSClass_Diagram">
            <summary>
              Looks up a localized string similar to 类关系图.
            </summary>
        </member>
        <member name="P:PhatStudio.CommandBar.zh_CHSCommunity">
            <summary>
              Looks up a localized string similar to 社区.
            </summary>
        </member>
        <member name="P:PhatStudio.CommandBar.zh_CHSData">
            <summary>
              Looks up a localized string similar to 数据.
            </summary>
        </member>
        <member name="P:PhatStudio.CommandBar.zh_CHSDatabase">
            <summary>
              Looks up a localized string similar to 数据库.
            </summary>
        </member>
        <member name="P:PhatStudio.CommandBar.zh_CHSDatabase_Diagram">
            <summary>
              Looks up a localized string similar to 数据库关系图.
            </summary>
        </member>
        <member name="P:PhatStudio.CommandBar.zh_CHSDebug">
            <summary>
              Looks up a localized string similar to 调试.
            </summary>
        </member>
        <member name="P:PhatStudio.CommandBar.zh_CHSDiagram">
            <summary>
              Looks up a localized string similar to 关系图.
            </summary>
        </member>
        <member name="P:PhatStudio.CommandBar.zh_CHSEdit">
            <summary>
              Looks up a localized string similar to 编辑.
            </summary>
        </member>
        <member name="P:PhatStudio.CommandBar.zh_CHSFile">
            <summary>
              Looks up a localized string similar to 文件.
            </summary>
        </member>
        <member name="P:PhatStudio.CommandBar.zh_CHSFormat">
            <summary>
              Looks up a localized string similar to 格式.
            </summary>
        </member>
        <member name="P:PhatStudio.CommandBar.zh_CHSFrames">
            <summary>
              Looks up a localized string similar to 框架.
            </summary>
        </member>
        <member name="P:PhatStudio.CommandBar.zh_CHSHelp">
            <summary>
              Looks up a localized string similar to 帮助.
            </summary>
        </member>
        <member name="P:PhatStudio.CommandBar.zh_CHSImage">
            <summary>
              Looks up a localized string similar to 图像.
            </summary>
        </member>
        <member name="P:PhatStudio.CommandBar.zh_CHSLayout">
            <summary>
              Looks up a localized string similar to 布局.
            </summary>
        </member>
        <member name="P:PhatStudio.CommandBar.zh_CHSMacros">
            <summary>
              Looks up a localized string similar to 宏.
            </summary>
        </member>
        <member name="P:PhatStudio.CommandBar.zh_CHSProject">
            <summary>
              Looks up a localized string similar to 项目.
            </summary>
        </member>
        <member name="P:PhatStudio.CommandBar.zh_CHSQuery">
            <summary>
              Looks up a localized string similar to 查询.
            </summary>
        </member>
        <member name="P:PhatStudio.CommandBar.zh_CHSQuery_Designer">
            <summary>
              Looks up a localized string similar to 查询设计器.
            </summary>
        </member>
        <member name="P:PhatStudio.CommandBar.zh_CHSRefactor">
            <summary>
              Looks up a localized string similar to 重构.
            </summary>
        </member>
        <member name="P:PhatStudio.CommandBar.zh_CHSReport">
            <summary>
              Looks up a localized string similar to 报表.
            </summary>
        </member>
        <member name="P:PhatStudio.CommandBar.zh_CHSResources">
            <summary>
              Looks up a localized string similar to 资源.
            </summary>
        </member>
        <member name="P:PhatStudio.CommandBar.zh_CHSSchema">
            <summary>
              Looks up a localized string similar to 架构.
            </summary>
        </member>
        <member name="P:PhatStudio.CommandBar.zh_CHSStyles">
            <summary>
              Looks up a localized string similar to 样式.
            </summary>
        </member>
        <member name="P:PhatStudio.CommandBar.zh_CHSTable">
            <summary>
              Looks up a localized string similar to 表.
            </summary>
        </member>
        <member name="P:PhatStudio.CommandBar.zh_CHSTable_Designer">
            <summary>
              Looks up a localized string similar to 表设计器.
            </summary>
        </member>
        <member name="P:PhatStudio.CommandBar.zh_CHSTeam">
            <summary>
              Looks up a localized string similar to 工作组.
            </summary>
        </member>
        <member name="P:PhatStudio.CommandBar.zh_CHSTest">
            <summary>
              Looks up a localized string similar to 测试.
            </summary>
        </member>
        <member name="P:PhatStudio.CommandBar.zh_CHSTools">
            <summary>
              Looks up a localized string similar to 工具.
            </summary>
        </member>
        <member name="P:PhatStudio.CommandBar.zh_CHSView">
            <summary>
              Looks up a localized string similar to 视图.
            </summary>
        </member>
        <member name="P:PhatStudio.CommandBar.zh_CHSWindow">
            <summary>
              Looks up a localized string similar to 窗口.
            </summary>
        </member>
        <member name="P:PhatStudio.CommandBar.zh_CHSXML">
            <summary>
              Looks up a localized string similar to XML.
            </summary>
        </member>
        <member name="P:PhatStudio.CommandBar.zh_CHTAction">
            <summary>
              Looks up a localized string similar to 動作.
            </summary>
        </member>
        <member name="P:PhatStudio.CommandBar.zh_CHTAddins">
            <summary>
              Looks up a localized string similar to 增益集.
            </summary>
        </member>
        <member name="P:PhatStudio.CommandBar.zh_CHTAnalyze">
            <summary>
              Looks up a localized string similar to 分析.
            </summary>
        </member>
        <member name="P:PhatStudio.CommandBar.zh_CHTBuild">
            <summary>
              Looks up a localized string similar to 建置.
            </summary>
        </member>
        <member name="P:PhatStudio.CommandBar.zh_CHTClass_Diagram">
            <summary>
              Looks up a localized string similar to 類別圖表.
            </summary>
        </member>
        <member name="P:PhatStudio.CommandBar.zh_CHTCommunity">
            <summary>
              Looks up a localized string similar to 社群.
            </summary>
        </member>
        <member name="P:PhatStudio.CommandBar.zh_CHTData">
            <summary>
              Looks up a localized string similar to 資料.
            </summary>
        </member>
        <member name="P:PhatStudio.CommandBar.zh_CHTDatabase">
            <summary>
              Looks up a localized string similar to 資料庫.
            </summary>
        </member>
        <member name="P:PhatStudio.CommandBar.zh_CHTDatabase_Diagram">
            <summary>
              Looks up a localized string similar to 資料庫圖表.
            </summary>
        </member>
        <member name="P:PhatStudio.CommandBar.zh_CHTDebug">
            <summary>
              Looks up a localized string similar to 偵錯.
            </summary>
        </member>
        <member name="P:PhatStudio.CommandBar.zh_CHTDiagram">
            <summary>
              Looks up a localized string similar to 圖表.
            </summary>
        </member>
        <member name="P:PhatStudio.CommandBar.zh_CHTEdit">
            <summary>
              Looks up a localized string similar to 編輯.
            </summary>
        </member>
        <member name="P:PhatStudio.CommandBar.zh_CHTFile">
            <summary>
              Looks up a localized string similar to 檔案.
            </summary>
        </member>
        <member name="P:PhatStudio.CommandBar.zh_CHTFormat">
            <summary>
              Looks up a localized string similar to 格式.
            </summary>
        </member>
        <member name="P:PhatStudio.CommandBar.zh_CHTFrames">
            <summary>
              Looks up a localized string similar to 框架.
            </summary>
        </member>
        <member name="P:PhatStudio.CommandBar.zh_CHTHelp">
            <summary>
              Looks up a localized string similar to 說明.
            </summary>
        </member>
        <member name="P:PhatStudio.CommandBar.zh_CHTImage">
            <summary>
              Looks up a localized string similar to 影像.
            </summary>
        </member>
        <member name="P:PhatStudio.CommandBar.zh_CHTLayout">
            <summary>
              Looks up a localized string similar to 配置.
            </summary>
        </member>
        <member name="P:PhatStudio.CommandBar.zh_CHTMacros">
            <summary>
              Looks up a localized string similar to 巨集.
            </summary>
        </member>
        <member name="P:PhatStudio.CommandBar.zh_CHTProject">
            <summary>
              Looks up a localized string similar to 專案.
            </summary>
        </member>
        <member name="P:PhatStudio.CommandBar.zh_CHTQuery">
            <summary>
              Looks up a localized string similar to 查詢.
            </summary>
        </member>
        <member name="P:PhatStudio.CommandBar.zh_CHTQuery_Designer">
            <summary>
              Looks up a localized string similar to 查詢設計工具.
            </summary>
        </member>
        <member name="P:PhatStudio.CommandBar.zh_CHTRefactor">
            <summary>
              Looks up a localized string similar to 重整.
            </summary>
        </member>
        <member name="P:PhatStudio.CommandBar.zh_CHTReport">
            <summary>
              Looks up a localized string similar to 報表.
            </summary>
        </member>
        <member name="P:PhatStudio.CommandBar.zh_CHTResources">
            <summary>
              Looks up a localized string similar to 資源.
            </summary>
        </member>
        <member name="P:PhatStudio.CommandBar.zh_CHTSchema">
            <summary>
              Looks up a localized string similar to 結構描述.
            </summary>
        </member>
        <member name="P:PhatStudio.CommandBar.zh_CHTStyles">
            <summary>
              Looks up a localized string similar to 樣式.
            </summary>
        </member>
        <member name="P:PhatStudio.CommandBar.zh_CHTTable">
            <summary>
              Looks up a localized string similar to 資料表.
            </summary>
        </member>
        <member name="P:PhatStudio.CommandBar.zh_CHTTable_Designer">
            <summary>
              Looks up a localized string similar to 資料表設計工具.
            </summary>
        </member>
        <member name="P:PhatStudio.CommandBar.zh_CHTTeam">
            <summary>
              Looks up a localized string similar to 小組.
            </summary>
        </member>
        <member name="P:PhatStudio.CommandBar.zh_CHTTest">
            <summary>
              Looks up a localized string similar to 測試.
            </summary>
        </member>
        <member name="P:PhatStudio.CommandBar.zh_CHTTools">
            <summary>
              Looks up a localized string similar to 工具.
            </summary>
        </member>
        <member name="P:PhatStudio.CommandBar.zh_CHTView">
            <summary>
              Looks up a localized string similar to 檢視.
            </summary>
        </member>
        <member name="P:PhatStudio.CommandBar.zh_CHTWindow">
            <summary>
              Looks up a localized string similar to 視窗.
            </summary>
        </member>
        <member name="P:PhatStudio.CommandBar.zh_CHTXML">
            <summary>
              Looks up a localized string similar to XML.
            </summary>
        </member>
        <member name="M:PhatStudio.FileIndex.#ctor">
            <summary>
            Constructor
            </summary>
        </member>
        <member name="M:PhatStudio.FileIndex.Init">
            <summary>
            Initializer
            </summary>
        </member>
        <member name="M:PhatStudio.FileIndex.AddFile(System.String)">
            <summary>
            Adds a filepath to the index
            </summary>
            <param name="filePath"></param>
        </member>
        <member name="M:PhatStudio.FileIndex.RemoveAll">
            <summary>
            Removes all files from the index
            </summary>
        </member>
        <member name="M:PhatStudio.FileIndex.ScheduleFileListChangedEvent">
            <summary>
            Schedules a FileListChanged event to fire in the future, and cancels any pending events.
            </summary>
        </member>
        <member name="M:PhatStudio.FileIndex.timer_Elapsed(System.Object,System.Timers.ElapsedEventArgs)">
            <summary>
            Called when timer elapses
            </summary>
        </member>
        <member name="M:PhatStudio.FileIndex.OnFileListChanged">
            <summary>
            Causes a FileListChanged event to be fired
            </summary>
        </member>
        <member name="M:PhatStudio.FileIndex.FindSubstringMatches(System.String)">
            <summary>
            Returns list of all filepaths that contain the specified substring
            </summary>
        </member>
        <member name="M:PhatStudio.FileIndex.AddFileToSearchResults(PhatStudio.FileIndexData,System.Int32,System.Boolean,System.Collections.Generic.Dictionary{System.String,PhatStudio.FileMatch}@)">
            <summary>
            Adds specified file to search results
            </summary>
        </member>
        <member name="M:PhatStudio.FileIndex.AddAllFilesInSubtreeToSearchResults(PhatStudio.DirIndexData,System.Int32,System.Collections.Generic.Dictionary{System.String,PhatStudio.FileMatch}@)">
            <summary>
            Adds all the files in this directory, and all files in all subdirectories, to the search results
            </summary>
        </member>
        <member name="T:PhatStudio.FileMatch">
            <summary>
            Class to hold an individual search result from a substring match on a set of files
            </summary>
        </member>
        <member name="M:PhatStudio.FileMatch.Compare(PhatStudio.FileMatch)">
            <summary>
            Compares the metadata for two matches against substring.  Returns -1 if this object has a more relevant
            match, 0 if they're the same, or 1 if the other object has a more relevant match
            </summary>
        </member>
        <!-- Badly formed XML comment ignored for member "T:PhatStudio.IndexData" -->
        <member name="T:PhatStudio.DirIndexData">
            <summary>
            Index data about a directory
            </summary>
        </member>
        <member name="T:PhatStudio.FileIndexData">
            <summary>
            Index data about a file
            </summary>
        </member>
        <member name="M:PhatStudio.OpenFileControl.#ctor">
            <summary>
            Constructor
            </summary>
        </member>
        <member name="M:PhatStudio.OpenFileControl.Init(EnvDTE80.DTE2,PhatStudio.FileIndex,System.Boolean)">
            <summary>
            Initializer
            </summary>
        </member>
        <member name="M:PhatStudio.OpenFileControl.TextBoxFilter_TextChanged(System.Object,System.EventArgs)">
            <summary>
            Called when the text in the search string text box changes
            </summary>
        </member>
        <member name="M:PhatStudio.OpenFileControl.GridView_CellDoubleClick(System.Object,System.Windows.Forms.DataGridViewCellEventArgs)">
            <summary>
            Called when a file in the list is double-clicked
            </summary>
        </member>
        <member name="M:PhatStudio.OpenFileControl.TextBoxFilter_KeyDown(System.Object,System.Windows.Forms.KeyEventArgs)">
            <summary>
            Called when a key is pressed in the text box
            </summary>
        </member>
        <member name="M:PhatStudio.OpenFileControl.GridView_CellFormatting(System.Object,System.Windows.Forms.DataGridViewCellFormattingEventArgs)">
            <summary>
            Called when a grid view cell is being formatted
            </summary>
        </member>
        <member name="M:PhatStudio.OpenFileControl.NewVersionHyperlink_LinkClicked(System.Object,System.Windows.Forms.LinkLabelLinkClickedEventArgs)">
            <summary>
            Called when the "new version available" hyperlink is clicked
            </summary>
        </member>
        <member name="M:PhatStudio.OpenFileControl.CloseBtn_Click(System.Object,System.EventArgs)">
            <summary>
            Called when the close button is pressed
            </summary>
        </member>
        <member name="M:PhatStudio.OpenFileControl.SetFilter(System.String)">
            <summary>
            Sets the search string filter and updates the filename search results
            </summary>
        </member>
        <member name="M:PhatStudio.OpenFileControl.OpenSelectedFiles">
            <summary>
            Opens the file in the IDE corresponding to the currently selected grid view item
            </summary>
        </member>
        <member name="M:PhatStudio.OpenFileControl.Close">
            <summary>
            Closes the window we're in.  Valid only when running inside modal dialog.
            </summary>
        </member>
        <member name="M:PhatStudio.OpenFileControl.ShouldForwardKeyEvent(System.Windows.Forms.KeyEventArgs)">
            <summary>
            Returns if key event should be forwarded from text box to grid view
            </summary>
        </member>
        <member name="M:PhatStudio.OpenFileControl.OnFileListChanged(System.Object,System.EventArgs)">
            <summary>
            Called when the file list changes
            </summary>
        </member>
        <member name="F:PhatStudio.OpenFileControl.components">
            <summary> 
            Required designer variable.
            </summary>
        </member>
        <member name="M:PhatStudio.OpenFileControl.Dispose(System.Boolean)">
            <summary> 
            Clean up any resources being used.
            </summary>
            <param name="disposing">true if managed resources should be disposed; otherwise, false.</param>
        </member>
        <member name="M:PhatStudio.OpenFileControl.InitializeComponent">
            <summary> 
            Required method for Designer support - do not modify 
            the contents of this method with the code editor.
            </summary>
        </member>
        <member name="T:PhatStudio.CustomDataGridView">
            <summary>
            Inherited class from DataGridView to expose a member to be able to send it key events
            </summary>
        </member>
        <member name="M:PhatStudio.OpenFileDlg.#ctor">
            <summary>
            Contructor
            </summary>
        </member>
        <member name="M:PhatStudio.OpenFileDlg.Init(EnvDTE80.DTE2,PhatStudio.FileIndex)">
            <summary>
            Initializer
            </summary>
        </member>
        <member name="M:PhatStudio.OpenFileDlg.OpenFileDlg_Load(System.Object,System.EventArgs)">
            <summary>
            Called when the dialog loads
            </summary>
        </member>
        <member name="M:PhatStudio.OpenFileDlg.OpenFileDlg_FormClosing(System.Object,System.Windows.Forms.FormClosingEventArgs)">
            <summary>
            Called when the dialog closes
            </summary>
        </member>
        <member name="F:PhatStudio.OpenFileDlg.components">
            <summary>
            Required designer variable.
            </summary>
        </member>
        <member name="M:PhatStudio.OpenFileDlg.Dispose(System.Boolean)">
            <summary>
            Clean up any resources being used.
            </summary>
            <param name="disposing">true if managed resources should be disposed; otherwise, false.</param>
        </member>
        <member name="M:PhatStudio.OpenFileDlg.InitializeComponent">
            <summary>
            Required method for Designer support - do not modify
            the contents of this method with the code editor.
            </summary>
        </member>
        <member name="T:PhatStudio.PhatStudio">
            <summary>
              A strongly-typed resource class, for looking up localized strings, etc.
            </summary>
        </member>
        <member name="P:PhatStudio.PhatStudio.ResourceManager">
            <summary>
              Returns the cached ResourceManager instance used by this class.
            </summary>
        </member>
        <member name="P:PhatStudio.PhatStudio.Culture">
            <summary>
              Overrides the current thread's CurrentUICulture property for all
              resource lookups using this strongly typed resource class.
            </summary>
        </member>
        <member name="P:PhatStudio.PhatStudio._1">
            <summary>
              Looks up a localized resource of type System.Drawing.Bitmap.
            </summary>
        </member>
        <member name="T:PhatStudio2012.PhatStudio">
            <summary>
              A strongly-typed resource class, for looking up localized strings, etc.
            </summary>
        </member>
        <member name="P:PhatStudio2012.PhatStudio.ResourceManager">
            <summary>
              Returns the cached ResourceManager instance used by this class.
            </summary>
        </member>
        <member name="P:PhatStudio2012.PhatStudio.Culture">
            <summary>
              Overrides the current thread's CurrentUICulture property for all
              resource lookups using this strongly typed resource class.
            </summary>
        </member>
        <member name="P:PhatStudio2012.PhatStudio._1">
            <summary>
              Looks up a localized resource of type System.Drawing.Bitmap.
            </summary>
        </member>
        <member name="T:PhatStudio2012.Properties.Resources">
            <summary>
              A strongly-typed resource class, for looking up localized strings, etc.
            </summary>
        </member>
        <member name="P:PhatStudio2012.Properties.Resources.ResourceManager">
            <summary>
              Returns the cached ResourceManager instance used by this class.
            </summary>
        </member>
        <member name="P:PhatStudio2012.Properties.Resources.Culture">
            <summary>
              Overrides the current thread's CurrentUICulture property for all
              resource lookups using this strongly typed resource class.
            </summary>
        </member>
        <member name="P:PhatStudio2012.Properties.Resources.AppIcon">
            <summary>
              Looks up a localized resource of type System.Drawing.Bitmap.
            </summary>
        </member>
        <member name="P:PhatStudio2012.Properties.Resources.arrow">
            <summary>
              Looks up a localized resource of type System.Drawing.Bitmap.
            </summary>
        </member>
        <member name="P:PhatStudio2012.Properties.Resources.cross">
            <summary>
              Looks up a localized resource of type System.Drawing.Bitmap.
            </summary>
        </member>
        <member name="P:PhatStudio2012.Properties.Resources.DeleteHS">
            <summary>
              Looks up a localized resource of type System.Drawing.Bitmap.
            </summary>
        </member>
        <member name="P:PhatStudio2012.Properties.Resources.NewCardHS">
            <summary>
              Looks up a localized resource of type System.Drawing.Bitmap.
            </summary>
        </member>
        <member name="P:PhatStudio2012.Properties.Resources.NewCardHS2">
            <summary>
              Looks up a localized resource of type System.Drawing.Bitmap.
            </summary>
        </member>
        <member name="P:PhatStudio2012.Properties.Resources.ok">
            <summary>
              Looks up a localized resource of type System.Drawing.Bitmap.
            </summary>
        </member>
        <member name="M:PhatStudio.SuffixTrie.#ctor">
            <summary>
            Constructor
            </summary>
        </member>
        <member name="M:PhatStudio.SuffixTrie.AddString(System.String)">
            <summary>
            Adds a string to the trie to be indexed
            </summary>
        </member>
        <member name="M:PhatStudio.SuffixTrie.FindSubstringMatches(System.String)">
            <summary>
            Returns all matches for specified substring
            </summary>
        </member>
        <member name="M:PhatStudio.SuffixTrie.AddSuffix(System.String,System.Int32)">
            <summary>
            Adds suffix of specified value, starting at specified start index
            </summary>
        </member>
        <member name="M:PhatStudio.SuffixTrie.Render">
            <summary>
            Render the entire trie: for debugging purposes
            </summary>
        </member>
        <member name="M:PhatStudio.SuffixTrie.RenderNode(PhatStudio.SuffixTrieNode,System.String)">
            <summary>
            Render a node: for debugging purposes
            </summary>
        </member>
        <member name="T:PhatStudio.SuffixTrieNode">
            <summary>
            A node in a suffix trie
            </summary>
        </member>
        <member name="M:PhatStudio.SuffixTrieNode.#ctor(System.Char)">
            <summary>
            Constructor
            </summary>
        </member>
        <member name="M:PhatStudio.SuffixTrieNode.GetOrCreateChild(System.Char,System.String,System.Int32)">
            <summary>
            Returns a child node with the specified character, containing a match with specified value and start index.  
            Returns an existing node if there is one, otherwise it creates it.
            </summary>
        </member>
        <member name="M:PhatStudio.SuffixTrieNode.FindChild(System.Char)">
            <summary>
            Returns child node matching specified character, or null if it does not exist.
            </summary>
        </member>
        <member name="M:PhatStudio.SwitchFile.ReloadDictionary">
            <summary>
            Read in strings of the form "LEFT|RIGHT" and add them to the config dialogs dictionary
            This code exists almost identically in ConfigDlg
            It is called from Settings.OnLoaded/OnSaving
            </summary>
        </member>
        <member name="M:PhatStudio.SwitchFile.GetExtensionExt(System.String)">
            <summary>
            returns string in lower case after first point
            Path.GetExtension() returns the string after the last point including the point
            </summary>
        </member>
        <member name="M:PhatStudio.SwitchFile.ChangeExtensionExt(System.String,System.String)">
            <summary>
            Change string after the first point
            Path.ChangeExtension() changes the string after the last point
            </summary>
        </member>
        <member name="M:PhatStudio.SwitchFile.SwitchPossible(EnvDTE.Document)">
            <summary>
            See if there is a related file we can switch to
            
            We are happy if the file has a supported ending
            There's no check whether there are any related files we can switch to or not
            </summary>
        </member>
        <member name="M:PhatStudio.SwitchFile.SwitchToRelated(EnvDTE.Document)">
            <summary>
            Find corresponding file and open it
            
            First, get the list of possible file endings
            Then, look in same folder
            Then, look in project folder and use the first match
            </summary>
        </member>
        <member name="T:PhatStudio.TextBoxEx">
            <summary>
            When a TextBoxEx receives focus, 
            all text in the textbox is selected.
            </summary>
        </member>
    </members>
</doc>
